"id","name","birthday","email"
6,"Olive","2021-10-02","ohubbucks5@desdev.cn"
7,"Faustina","2021-09-20","fferretti6@ucoz.com"
8,"Kare","2022-03-22","ksmeeton7@china.com.cn"
9,"Jeromy","2021-07-28","jsecombe8@umich.edu"
11,"Marinna","2021-06-27","mvairowa@narod.ru"
12,"Chevalier","2021-05-13","ctoderinib@eepurl.com"
13,"Guntar","2022-02-27","ghuccabyc@clickbank.net"
14,"Wallie","2021-07-18","wswatridged@umich.edu"
15,"Tisha","2021-12-21","tkasbyee@bigcartel.com"
16,"Tabby","2022-02-02","tgibbf@independent.co.uk"
17,"Shell","2022-04-01","swakefieldg@phpbb.com"
18,"Tucky","2022-03-30","tranyh@jiathis.com"
19,"Kary","2022-03-19","kjzaki@nba.com"
21,"Devan","2021-10-13","dgoork@dmoz.org"
22,"Gunther","2021-12-15","gbresmanl@desdev.cn"
23,"Beau","2022-02-11","baverallm@stumbleupon.com"
24,"Shea","2021-06-30","svanderweedenburgn@mapy.cz"
25,"Debi","2021-11-28","dralstono@hibu.com"
26,"Findley","2021-12-16","fburganep@skyrock.com"
28,"Lissy","2021-05-11","lkingsfordr@mozilla.org"
29,"Roderich","2021-10-05","risleps@unc.edu"
31,"Auroora","2022-04-11","ahoneywoodu@weebly.com"
32,"Minta","2022-01-17","mschwaigerv@bbb.org"
33,"Blake","2022-03-11","bhintzerw@reddit.com"
34,"Rosanna","2021-12-30","rtudorx@unesco.org"
35,"Drucill","2022-04-08","dranbyy@ebay.com"
36,"Stanislaus","2022-04-05","sgeffenz@auda.org.au"
37,"Eamon","2021-06-02","ejaggers10@tuttocitta.it"
38,"Kipper","2021-08-22","krapps11@zimbio.com"
39,"Barbara","2021-12-12","bbrougham12@google.com.hk"
41,"Hanan","2022-01-24","hparrot14@reddit.com"
42,"Marybeth","2021-11-13","mfoxley15@163.com"
43,"April","2021-11-10","ahitzke16@springer.com"
44,"Libby","2021-07-16","lweaben17@slate.com"
45,"Paquito","2021-10-16","pwrathall18@nyu.edu"
46,"Orazio","2022-01-29","okiessel19@independent.co.uk"
47,"Meghan","2021-08-07","mbenkhe1a@boston.com"
48,"Lynea","2021-10-06","lgreenside1b@free.fr"
49,"Delcine","2021-12-03","dkuhle1c@msn.com"
51,"Kellsie","2021-11-01","kgooday1e@harvard.edu"
52,"Corney","2021-07-12","corth1f@who.int"
53,"Alanson","2022-03-01","ayouens1g@github.io"
54,"Clarance","2022-02-01","cgrunbaum1h@qq.com"
55,"Angelika","2021-12-31","agirardengo1i@bigcartel.com"
56,"Mahalia","2021-11-17","mdekeyser1j@typepad.com"
57,"Barry","2021-08-13","bbeaman1k@omniture.com"
58,"Romeo","2021-12-14","rtuffield1l@drupal.org"
59,"Hendrik","2021-09-08","hlambert1m@wired.com"
60,"Angelle","2021-08-10","ascole1n@nps.gov"
61,"Roi","2022-03-12","rbernardez1o@dot.gov"
62,"Dex","2021-10-30","ddoppler1p@storify.com"
63,"Derril","2021-07-07","drubens1q@blogger.com"
64,"Myrah","2021-11-09","mjandac1r@prlog.org"
65,"Perice","2021-08-10","pricci1s@tiny.cc"
66,"Eloise","2021-12-12","emees1t@skyrock.com"
67,"Alfreda","2022-04-29","alestrange1u@com.com"
68,"Rick","2021-09-20","rloveitt1v@github.io"
69,"Ddene","2021-11-18","dbaily1w@huffingtonpost.com"
70,"Crista","2021-09-30","cwelbeck1x@ucla.edu"
71,"Sanford","2022-05-06","ssteffens1y@unc.edu"
72,"Reece","2021-11-12","rpaxforde1z@hud.gov"
73,"Bertie","2021-08-31","bjaime20@sina.com.cn"
74,"Eddie","2021-12-19","ehousbie21@wufoo.com"
75,"Noel","2021-07-23","njenkin22@mayoclinic.com"
76,"Brenda","2022-02-13","bdeftie23@instagram.com"
77,"Rosmunda","2021-12-11","rpadillo24@blogspot.com"
78,"Valentine","2021-11-28","vdredge25@ebay.com"
79,"Corissa","2022-01-09","cwestmancoat26@admin.ch"
80,"Kendal","2021-07-30","ksillis27@cbsnews.com"
81,"Audy","2022-04-17","akayzer28@scientificamerican.com"
82,"Rusty","2022-02-27","rjansema29@1und1.de"
83,"Harwell","2021-09-17","hdiano2a@yelp.com"
84,"Allison","2021-09-18","aloiseau2b@woothemes.com"
85,"Jecho","2021-09-14","jfearfull2c@trellian.com"
86,"Auria","2022-02-10","ahawkett2d@boston.com"
87,"Prentice","2021-10-06","pinskipp2e@wunderground.com"
88,"Audi","2021-11-03","agillogley2f@discovery.com"
89,"Hercule","2021-06-19","hlaunchbury2g@google.com.br"
90,"Aubrey","2021-09-27","aandrock2h@privacy.gov.au"
91,"Wilmette","2021-08-01","wganning2i@tinypic.com"
92,"Zeke","2022-04-25","zpennacci2j@bravesites.com"
93,"Frants","2021-10-29","frolles2k@dailymail.co.uk"
94,"Melamie","2021-07-15","mzuker2l@barnesandnoble.com"
95,"Pietrek","2021-12-23","pbrent2m@mozilla.org"
96,"Maurits","2021-12-20","mwhitney2n@weather.com"
97,"Lock","2021-05-29","lhagland2o@seesaa.net"
98,"Editha","2022-01-04","ehair2p@vistaprint.com"
100,"Brian","2021-06-18","bwelsh2r@meetup.com"
27,"mimo","2022-01-10","mimo@gmail.com"
1,"Catharina","2021-12-25","ruru@nakazaki.com"
2,"Poul","2022-04-12","ruru@nakazaki.com"
3,"Killian","2022-04-03","ruru@nakazaki.com"
4,"Artie","2021-07-03","ruru@nakazaki.com"
5,"Arv","2021-12-18","ruru@nakazaki.com"
99,"Gabbie","1995-02-27","gsaulter2q@goo.ne.jp"
